"Project","Sample ID","Barcode Sequence","# Reads","Yield (Mbases)","Mean Quality Score","% Bases >= 30"
"NS1803074_R2","01-EC---3-7-2018","TAGGCATG+TCGCATAA","43075523","12923","37.59","89.27"
"NS1803074_R2","01-MG---3-7-2018","CTCTCTAC+CTAGTCGA","43794311","13138","37.91","90.53"
"NS1803074_R2","10-EC---2-22-2018","GTAGAGGA+ACTCTAGG","45907341","13772","38.06","91.06"
"NS1803074_R2","10-EC--p8--3-2-2018","ACTGAGCG+CTTAATAG","45155796","13547","37.56","89.28"
"NS1803074_R2","10-MG---2-22-2018","GCTCATGA+TCTTACGC","40244919","12073","38.18","91.53"
"NS1803074_R2","10-MG--p12--3-2-2018","CCTAAGAC+ATAGCCTT","31472604","9442","37.75","89.96"
"NS1803074_R2","57-1-EC---2-22-2018","ATCTCAGG+CTTAATAG","43468349","13041","38.09","91.18"
"NS1803074_R2","57-1-EC--p8--3-2-2018","CGATCAGT+TAAGGCTC","53894990","16168","37.77","90.04"
"NS1803074_R2","57-1-MG---2-22-2018","ACTCGCTA+ATAGCCTT","50899240","15270","38.18","91.52"
"NS1803074_R2","57-1-MG--p12--3-2-2018","TGCAGCTA+TCGCATAA","35446676","10634","37.74","89.95"
"NS1803074_R2","57-EC---3-7-2018","CGAGGCTG+AGCTAGAA","42258857","12678","37.68","89.67"
"NS1803074_R2","57-MG---3-7-2018","AAGAGGCA+ACTCTAGG","65866979","19760","37.7","89.74"
"NS1803074_R2","59-1-EC---2-22-2018","GGAGCTAC+TAAGGCTC","45356143","13607","38.07","91.11"
"NS1803074_R2","59-1-EC--p8--3-2-2018","TCGACGTC+CTAGTCGA","45354079","13606","37.71","89.83"
"NS1803074_R2","59-1-MG---2-22-2018","GCGTAGTA+TCGCATAA","30231000","9069","38.11","91.3"
"NS1803074_R2","59-1-MG--p12--3-2-2018","TAAGGCGA+ACTCTAGG","32668828","9801","37.66","89.64"
"NS1803074_R2","59-EC---3-7-2018","GTAGAGGA+TCTTACGC","32572565","9772","37.72","89.81"
"NS1803074_R2","59-MG---3-7-2018","GCTCATGA+CTTAATAG","35488427","10647","37.89","90.47"
"NS1803074_R2","PBS-EC---3-7-2018","CGTACTAG+TCTTACGC","28213162","8464","37.83","90.34"
"NS1803074_R2","PBS-MG---3-7-2018","AGGCAGAA+CTTAATAG","38193302","11458","37.79","90.07"
"NS1803074_R2","PBSg-EC---3-2-2018","CGGAGCCT+CTAGTCGA","27823724","8347","37.74","89.97"
"NS1803074_R2","PBSg-EC--p8--2-22-2018","TAGGCATG+TAAGGCTC","44843279","13453","38.18","91.53"
"NS1803074_R2","PBSg-MG---3-2-2018","TACGCTGC+AGCTAGAA","43935055","13181","37.73","89.89"
"NS1803074_R2","PBSg-MG--p12--2-22-2018","CTCTCTAC+TCGCATAA","50701113","15210","37.79","90.02"
"NS1803074_R2","WT-EC---2-22-2018","CGAGGCTG+CTAGTCGA","46829895","14049","37.77","89.94"
"NS1803074_R2","WT-EC---3-7-2018","TCCTGAGC+ATAGCCTT","41238859","12372","37.73","89.81"
"NS1803074_R2","WT-EC--p8--3-2-2018","ATGCGCAG+ACTCTAGG","46902812","14071","37.59","89.4"
"NS1803074_R2","WT-MG---2-22-2018","AAGAGGCA+AGCTAGAA","49169983","14751","38.04","90.99"
"NS1803074_R2","WT-MG---3-7-2018","GGACTCCT+TAAGGCTC","40190462","12057","37.89","90.47"
"NS1803074_R2","WT-MG--p12--3-2-2018","TAGCGCTC+TCTTACGC","40140389","12042","37.72","89.9"